year,data.type,nrow,ncol,questions,%Autism,%rowsNA,%colsNA
2019,raw,29433,443,443,2.9615476474803,100,90.0677200902935
2019,processed,18202,377,187,2.99967036589386,0,0
2020,raw,42777,443,443,2.97575743352655,100,90.0677200902935
2020,processed,27808,373,185,3.08184695051784,0,0
